Country,Site,Species,Scientific,time,N,phi_lower,phi_expected,phi_upper,g_lower,g_expected,g_upper,K_lower,K_expected,K_upper,b0_lower,b0_expected,b0_upper,f0_total_lower,f0_total_expected,f0_total_upper,theta_mexico,theta_legal_lower,theta_legal_expected,theta_legal_upper,p_lower,p_expected,p_upper,beta_lower,beta_expected,beta_upper,c_lower,c_expected,c_upper,disc_lower,disc_expected,disc_upper,gamma_p,gamma_c,lambda
Mexico,Gulf of California,Pacific sardine,Sardinops sagax,20,1,0.188,0.188,0.188,0.174074074,0.174074074,0.174074074,6980198.727,6980198.727,6980198.727,0.9,0.9,0.9,1.625806397,1.625806397,1.625806397,1,0.938492061,0.938492061,0.938492061,83.56581525,83.56581525,83.56581525,1.3,1.3,1.3,122658676.8,122658676.8,122658676.8,0,0,0,1.1,0.9,0.03
Mexico,Gulf of California,Blue shrimp,Litopenaeus stylirostris,20,1,0.188,0.188,0.188,0.197811448,0.197811448,0.197811448,75531.54553,75531.54553,75531.54553,0.7,0.7,0.7,2.091104841,2.091104841,2.091104841,1,0.80871356,0.80871356,0.80871356,4902.954914,4902.954914,4902.954914,1.3,1.3,1.3,67562600.29,67562600.29,67562600.29,0,0,0,1.2,0.8,0.163636364